{
  "project_info": {
    "project_number": "391493044611",
    "project_id": "tracker-9d057",
    "storage_bucket": "tracker-9d057.appspot.com"
  },
  "client": [
    {
      "client_info": {
        "mobilesdk_app_id": "1:391493044611:android:835246354f6df2dd600eb6",
        "android_client_info": {
          "package_name": "com.example.tracker"
        }
      },
      "oauth_client": [],
      "api_key": [
        {
          "current_key": "AIzaSyBwkceYeFByohUSCX7Egl9ICMMS7aS7OZk"
        }
      ],
      "services": {
        "appinvite_service": {
          "other_platform_oauth_client": []
        }
      }
    }
  ],
  "configuration_version": "1"
}